,lat,long,bikes_available,bikes_in_use,total_bikes
0,52.504157,13.335328,4,0,4
1,52.496986,13.29121,0,4,4
2,52.498323,13.296157,3,2,5
3,52.499137,13.303743,4,1,5
4,52.500614,13.294401,6,2,8
5,52.51334,13.477181,4,4,8
6,52.502813,13.48485,0,15,15
7,52.512446,13.488618,5,4,9
8,52.509627,13.49787,3,7,10
9,52.500015,13.321258,5,7,12
10,52.505247,13.327885,2,2,4
11,52.512023,13.317568,4,4,8
12,52.506585,13.282371,2,2,4
13,52.487182,13.331541,7,2,9
14,52.490641,13.330647,1,3,4
15,52.493896,13.324143,4,11,15
16,52.48671,13.322675,6,2,8
17,52.490558,13.31333,8,7,15
18,52.494009,13.309832,7,3,10
19,52.505249,13.30296,3,8,11
20,52.513071,13.326504,14,2,16
21,52.512066,13.376611,16,6,22
22,52.513434,13.322788,4,11,15
23,52.509809,13.379384,3,1,4
24,52.502861,13.325082,5,11,16
25,52.508826,13.306448,0,9,9
26,52.523849,13.411227,7,5,12
27,52.473502,13.440874,7,2,9
28,52.484653,13.433832,3,2,5
29,52.467995,13.430847,8,2,10
30,52.472737,13.428618,2,13,15
31,52.469951,13.441477,6,2,8
32,52.474241,13.455552,6,4,10
33,52.487263,13.431263,4,5,10
34,52.526464,13.446953,7,9,16
35,52.515727,13.472426,4,12,16
36,52.515632,13.453413,12,4,16
37,52.507848,13.449569,8,4,12
38,52.500794,13.452464,5,3,8
39,52.497192,13.380079,1,7,8
40,52.487904,13.376718,4,11,15
41,52.488976,13.394571,5,3,8
42,52.487122,13.422333,6,2,8
43,52.49607,13.295705,3,1,4
44,52.501951,13.317018,5,3,8
45,52.499013,13.426178,9,1,10
46,52.507251,13.467077,3,9,12
47,52.497474,13.392295,6,1,7
48,52.505204,13.390837,5,4,9
49,52.50195,13.416246,7,7,14
50,52.495353,13.404831,7,6,13
51,52.494567,13.415278,1,11,12
52,52.491846,13.420875,6,4,10
53,52.493641,13.385655,14,6,20
54,52.498186,13.362336,9,0,9
55,52.488525,13.352451,2,2,4
56,52.504049,13.410793,4,6,10
57,52.496227,13.419697,2,6,8
58,52.540367,13.437471,6,4,10
59,52.494602,13.346799,4,10,14
60,52.499498,13.34101,2,11,13
61,52.498955,13.354408,13,3,16
62,52.532852,13.41236,1,9,10
63,52.497411,13.405658,3,9,12
64,52.526026,13.403953,7,13,20
65,52.51487,13.435484,6,4,10
66,52.509822,13.433468,11,2,13
67,52.532768,13.416935,2,8,10
68,52.48999,13.429107,2,3,5
69,52.486772,13.42872,7,3,10
70,52.476736,13.418464,4,1,5
71,52.477742,13.428787,1,4,5
72,52.486957,13.447256,7,3,10
73,52.492601,13.430375,2,3,5
74,52.489755,13.433902,2,2,4
75,52.470946,13.448026,8,6,14
76,52.47755,13.448826,2,5,7
77,52.480588,13.442753,1,9,10
78,52.476789,13.426652,0,4,4
79,52.536231,13.432285,3,7,10
80,52.51364,13.519987,1,7,8
81,52.498994,13.480353,4,6,10
82,52.53278,13.47582,8,2,10
83,52.515203,13.462885,3,6,9
84,52.495018,13.438551,5,5,10
85,52.500167,13.44111,1,3,4
86,52.492584,13.433613,6,1,7
87,52.521557,13.447131,5,0,5
88,52.51255,13.466978,2,3,5
89,52.50759,13.465178,4,1,5
90,52.513164,13.434378,2,3,5
91,52.502038,13.425198,5,2,7
92,52.499785,13.433427,8,2,10
93,52.468821,13.467191,4,6,10
94,52.502942,13.344145,1,4,5
95,52.496406,13.358936,3,6,9
96,52.493897,13.461143,0,5,5
97,52.496215,13.399009,0,10,10
98,52.50362,13.49491,6,4,10
99,52.51516,13.50469,0,4,4
100,52.525368,13.467222,3,2,5
101,52.489031,13.451193,0,5,5
102,52.490201,13.445106,14,0,16
103,52.49668,13.52377,4,6,10
104,52.507014,13.352255,9,5,14
105,52.515181,13.432277,4,1,5
106,52.501032,13.459153,1,4,5
107,52.552933,13.357457,4,1,5
108,52.527165,13.354847,4,4,8
109,52.550109,13.378204,6,4,10
110,52.625647,13.501705,6,4,10
111,52.625857,13.502682,3,7,10
112,52.519276,13.364353,3,1,4
113,52.517298,13.441311,10,6,16
114,52.507229,13.355705,4,1,5
115,52.504499,13.346573,6,4,10
116,52.521612,13.333739,3,2,5
117,52.518868,13.462468,2,8,10
118,52.544415,13.39143,6,4,10
119,52.550496,13.362655,2,8,10
120,52.50851,13.349234,6,0,5
121,52.51204,13.461872,7,4,11
122,52.508232,13.367207,5,0,5
123,52.502785,13.367516,6,4,10
124,52.543012,13.356195,3,2,5
125,52.511128,13.371843,6,4,10
126,52.504555,13.467607,7,1,8
127,52.507236,13.398167,12,0,12
128,52.530604,13.402103,7,0,4
129,52.504718,13.399595,6,0,5
130,52.496123,13.454377,7,3,10
131,52.504658,13.434994,6,4,10
132,52.49607,13.430718,4,1,5
133,52.52285,13.322124,2,2,4
134,52.517245,13.306106,1,3,4
135,52.537455,13.449362,6,2,9
136,52.458425,13.331897,8,2,10
137,52.502103,13.385725,6,0,6
138,52.480474,13.312324,6,4,10
139,52.545094,13.427339,2,8,10
140,52.529446,13.388128,8,3,11
141,52.465385,13.442345,4,1,5
142,52.51804,13.465645,6,2,8
143,52.490938,13.490731,2,2,4
144,52.540802,13.404887,5,13,18
145,52.508601,13.525511,2,6,8
146,52.525899,13.369702,17,0,14
147,52.514141,13.39345,14,6,20
148,52.507288,13.333964,2,2,4
149,52.50993,13.376144,4,0,4
150,52.505382,13.340519,6,16,22
151,52.513728,13.336685,0,14,14
152,52.531905,13.38797,6,9,15
153,52.53081,13.394772,4,4,8
154,52.528086,13.39268,8,12,20
155,52.532496,13.399335,3,9,12
156,52.536683,13.397132,1,19,20
157,52.537473,13.401612,2,16,18
158,52.522325,13.401084,5,5,10
159,52.522096,13.410727,10,3,13
160,52.52054,13.414945,17,4,21
161,52.51989,13.422107,7,3,10
162,52.515326,13.417563,8,6,14
163,52.512917,13.39698,12,4,16
164,52.515769,13.402946,17,3,20
165,52.524065,13.387436,8,2,10
166,52.542448,13.375507,4,10,14
167,52.549127,13.387458,4,11,15
168,52.546265,13.35241,7,8,15
169,52.542284,13.365487,7,5,12
170,52.528921,13.438543,1,13,14
171,52.54289,13.4117,4,10,14
172,52.539138,13.425035,4,0,4
173,52.531172,13.433638,5,15,20
174,52.528409,13.416694,5,13,18
175,52.534596,13.419022,3,1,4
176,52.477226,13.42298,1,9,10
177,52.489599,13.439063,3,9,12
178,52.491812,13.425947,3,7,10
179,52.535289,13.406609,7,9,16
180,52.503377,13.444991,6,6,12
181,52.540923,13.414548,3,17,20
182,52.527829,13.424856,4,13,17
183,52.50449,13.382024,5,5,10
184,52.496706,13.391349,4,14,18
185,52.489601,13.407977,2,13,15
186,52.508075,13.376053,10,5,15
187,52.507076,13.385822,12,14,26
188,52.544119,13.369425,6,4,10
189,52.48543,13.344001,4,1,5
190,52.51374,13.389083,6,14,20
191,52.511856,13.384411,7,5,12
192,52.542717,13.348238,0,7,7
193,52.516616,13.443253,1,6,7
194,52.514071,13.348872,8,4,12
195,52.509421,13.390274,11,4,15
196,52.527123,13.398052,6,7,13
197,52.54379,13.396969,1,14,15
198,52.504102,13.391089,4,8,12
199,52.508957,13.371686,2,4,6
200,52.504115,13.352734,0,4,4
201,52.546547,13.410047,5,0,5
202,52.536273,13.420229,1,4,5
203,52.494193,13.38881,3,1,4
204,52.485126,13.444498,1,4,5
205,52.511967,13.408508,7,5,12
206,52.526065,13.411367,6,8,14
207,52.528585,13.378891,10,12,22
208,52.51957,13.385855,2,12,14
209,52.50162,13.477317,4,6,10
210,52.519517,13.485809,6,4,10
211,52.522798,13.473276,4,5,9
212,52.542742,13.443149,1,3,4
213,52.552697,13.421056,2,8,10
214,52.520367,13.392012,11,22,33
215,52.505679,13.438994,0,4,4
216,52.479705,13.440042,1,3,4
217,52.483121,13.379986,6,4,10
218,52.503448,13.395145,3,4,7
219,52.48222,13.408716,2,3,5
220,52.492403,13.343747,2,2,4
221,52.494437,13.424663,8,2,10
222,52.47073,13.436816,2,2,4
223,52.527782,13.4686,2,3,5
224,52.493674,13.399442,2,7,9
225,52.534756,13.369652,10,5,15
226,52.517948,13.292486,1,3,4
227,52.508627,13.322704,1,3,4
228,52.502978,13.319405,1,3,4
229,52.50033,13.331577,0,4,4
230,52.497753,13.322849,2,2,4
231,52.53083,13.316621,2,3,5
232,52.539458,13.370758,4,3,7
233,52.530051,13.345597,2,3,5
234,52.526137,13.339055,7,3,10
235,52.523155,13.35701,4,6,10
236,52.500549,13.366327,0,10,10
237,52.535133,13.349413,0,5,5
238,52.516097,13.426226,7,3,10
239,52.529685,13.405198,0,5,5
240,52.516491,13.449485,0,12,12
241,52.530688,13.418693,1,3,4
242,52.517845,13.371651,4,6,10
243,52.530042,13.339218,0,5,5
244,52.528861,13.317304,0,5,5
245,52.520841,13.351037,5,5,10
246,52.539483,13.388432,3,2,5
247,52.530496,13.333955,0,5,5
248,52.539542,13.401644,1,4,5
249,52.556633,13.363385,1,9,10
250,52.509976,13.364711,4,1,5
251,52.501495,13.452095,0,5,5
252,52.463627,13.331879,1,7,8
253,52.453125,13.330711,3,2,5
254,52.510528,13.429099,4,6,10
255,52.544716,13.361162,0,4,4
256,52.478868,13.473875,6,1,7
257,52.514185,13.438878,5,5,10
258,52.498805,13.458837,2,2,4
259,52.503155,13.480386,5,1,6
260,52.545092,13.499569,4,0,4
261,52.631881,13.510754,3,17,20
262,52.520029,13.319995,4,0,4
263,52.513699,13.406039,3,1,4
264,52.527316,13.372865,3,1,4
265,52.541785,13.355454,0,4,4
266,52.531591,13.344714,2,2,4
267,52.482023,13.320175,0,4,4
268,52.517707,13.290363,1,3,4
269,52.506486,13.292959,2,2,4
270,52.503126,13.373514,1,4,5
271,52.624279,13.503181,9,0,6
272,52.492721,13.422074,3,3,6
273,52.529264,13.4131,2,2,4
274,52.492312,13.344816,0,4,4
275,52.491147,13.396591,2,5,7
276,52.53518,13.399329,1,5,6
277,52.507285,13.382227,13,11,24
278,52.502323,13.432466,10,3,13
279,52.522877,13.379374,10,12,22
280,52.535408,13.390365,5,15,20
281,52.528998,13.456997,2,3,5
282,52.498635,13.407881,3,3,6
283,52.549253,13.416962,0,3,4
284,52.536388,13.294942,5,1,6
285,52.452995,13.385907,2,18,20
286,52.513611,13.422223,0,20,20
287,52.499185,13.353418,2,6,8
288,52.513902,13.389044,3,5,8
289,52.512951,13.389252,2,6,8
290,52.512132,13.388964,4,0,4
291,52.511207,13.390016,3,5,8
292,52.510737,13.500945,3,3,6
293,52.50852,13.402758,3,3,6
294,52.525534,13.304658,0,4,4
295,52.505879,13.560866,1,3,4
296,52.538518,13.569242,1,3,4
297,52.529519,13.590012,0,4,4
298,52.528944,13.566128,1,3,4
299,52.527485,13.557659,3,1,4
300,52.525336,13.557174,2,2,4
301,52.520881,13.588325,1,3,4
302,52.516013,13.563573,0,4,4
303,52.513366,13.554557,0,4,4
304,52.512978,13.574224,0,4,4
305,52.511243,13.562458,5,0,4
306,52.506263,13.558583,0,4,4
307,52.503256,13.553007,1,3,4
308,52.493815,13.561673,0,4,4
309,52.5278,13.376639,1,3,4
310,52.524341,13.376855,6,0,4
311,52.526302,13.378006,3,1,4
312,52.547429,13.374319,0,5,5
313,52.523944,13.346533,10,8,18
314,52.521851,13.451117,2,7,9
315,52.49414,13.302482,0,6,6
316,52.499402,13.377856,1,5,6
317,52.502787,13.373878,0,4,4
318,52.442149,13.319232,1,3,4
319,52.443052,13.321008,1,3,4
320,52.518778,13.309417,0,4,4
321,52.499288,13.385543,3,2,5
322,52.550722,13.351722,2,2,4
323,52.557028,13.372778,2,2,4
324,52.546833,13.357944,2,2,4
325,52.551861,13.367417,9,0,4
326,52.556,13.335222,2,2,4
327,52.555972,13.342,0,4,4
328,52.541306,13.330278,0,4,4
329,52.515903,13.479364,0,8,8
330,52.524259,13.368603,1,7,8
331,52.507889,13.414667,2,2,4
332,52.517931,13.412097,5,3,8
333,52.504866,13.322216,1,3,4
334,52.511202,13.297007,0,4,4
335,52.478831,13.327849,2,2,4
336,52.478869,13.343717,1,3,4
337,52.492798,13.37115,1,3,4
338,52.505309,13.367517,3,1,4
339,52.527852,13.41064,2,2,4
340,52.520008,13.405306,2,2,4
341,52.49423,13.446369,3,1,4
342,52.512602,13.452662,1,3,4
343,52.566862,13.412049,4,0,4
344,52.533941,13.494787,0,4,4
345,52.483378,13.501198,2,2,4
346,52.471497,13.386057,1,3,4
347,52.55912,13.412492,2,2,4
348,52.462487,13.434201,0,4,4
349,52.548537,13.451008,2,2,4
350,52.460508,13.418439,1,3,4
351,52.553919,13.414891,0,4,4
352,52.50064,13.37372,4,0,2
353,52.490202,13.386766,0,11,11
354,52.512982,13.415616,1,4,5
355,52.4629,13.385457,0,4,4
356,52.518,13.50677,0,4,4
357,52.500139,13.353472,0,4,4
358,52.499944,13.354583,2,2,4
359,52.530639,13.39675,0,4,4
360,52.530972,13.300639,4,0,4
361,52.527386,13.33024,0,4,4
362,52.509778,13.456278,2,2,4
363,52.507917,13.455083,5,0,4
364,52.5075,13.460694,0,4,4
365,52.50739,13.450436,0,4,4
366,52.55703,13.46905,4,0,4
367,52.54469,13.46882,3,1,4
368,52.54404,13.59604,3,1,4
369,52.54192,13.60333,1,3,4
370,52.5404,13.60832,1,3,4
371,52.54516,13.59161,0,4,4
372,52.536667,13.6055,2,2,4
373,52.53471,13.59703,2,2,4
374,52.53936,13.60402,3,1,4
375,52.534,13.344028,2,2,4
376,52.532833,13.328778,1,3,4
377,52.501333,13.282667,1,3,4
378,52.497333,13.290333,1,3,4
379,52.479972,13.352056,0,4,4
380,52.474444,13.367028,1,3,4
381,52.514639,13.474417,1,3,4
382,52.513806,13.475778,0,4,4
383,52.487667,13.264278,0,4,4
384,52.510889,13.240806,1,3,4
385,52.508238,13.258273,1,3,4
386,52.499139,13.270056,0,4,4
387,52.52025,13.347528,2,2,4
388,52.493556,13.499056,0,4,4
389,52.565752,13.390951,1,3,4
390,52.555,13.39675,0,4,4
391,52.544556,13.378611,2,2,4
392,52.516306,13.381472,1,3,4
393,52.449,13.353306,4,0,4
394,52.447,13.360806,1,3,4
395,52.486472,13.360639,0,4,4
396,52.467472,13.489083,2,2,4
397,52.54892,13.58319,4,0,4
398,52.503528,13.330722,1,3,4
399,52.502028,13.342083,1,3,4
400,52.499889,13.363111,5,0,4
401,52.499361,13.382472,2,2,4
402,52.499583,13.391806,1,3,4
403,52.498639,13.417417,5,0,4
404,52.51175,13.321528,0,4,4
405,52.51197,13.309121,4,0,4
406,52.511778,13.305056,1,3,4
407,52.509917,13.284194,0,4,4
408,52.510222,13.271861,4,0,4
409,52.516278,13.260222,2,2,4
410,52.517,13.249806,3,1,4
411,52.473306,13.314833,0,4,4
412,52.49625,13.331306,0,4,4
413,52.500778,13.336639,0,4,4
414,52.495944,13.342611,0,4,4
415,52.488806,13.340639,0,4,4
416,52.483722,13.342,1,3,4
417,52.500111,13.5475,1,3,4
418,52.506778,13.511917,0,4,4
419,52.518444,13.429944,2,2,4
420,52.51775,13.43275,2,2,4
421,52.518806,13.409222,1,3,4
422,52.518444,13.400611,3,1,4
423,52.51725,13.389111,1,3,4
424,52.519528,13.373778,1,3,4
425,52.520806,13.374028,4,0,4
426,52.563639,13.327722,0,4,4
427,52.559778,13.335944,0,4,4
428,52.535972,13.376528,2,2,4
429,52.530917,13.382806,2,2,4
430,52.530194,13.381028,0,4,4
431,52.527194,13.38675,6,0,4
432,52.526278,13.388139,4,0,4
433,52.478083,13.385639,0,4,4
434,52.466139,13.385194,2,2,4
435,52.445667,13.385333,1,3,4
436,52.44025,13.386889,3,1,4
437,52.459373,13.385001,3,1,4
438,52.491056,13.360972,0,4,4
439,52.488222,13.424806,4,0,4
440,52.468861,13.442028,1,3,4
441,52.46216,13.445568,0,4,4
442,52.452583,13.449556,2,2,4
443,52.564306,13.36375,1,3,4
444,52.552417,13.381972,3,1,4
445,52.542722,13.393028,2,2,4
446,52.5295,13.401278,4,0,4
447,52.510972,13.416222,0,4,4
448,52.542167,13.348889,2,2,4
449,52.526111,13.341417,3,1,4
450,52.465472,13.328667,0,4,4
451,52.459304,13.355711,1,3,4
452,52.461278,13.324528,0,4,4
453,52.438861,13.412417,3,1,4
454,52.469417,13.341472,2,2,4
455,52.527694,13.537889,4,0,4
456,52.534778,13.535306,1,3,4
457,52.543833,13.541806,2,2,4
458,52.512361,13.589028,1,3,4
459,52.549444,13.414083,1,3,4
460,52.506861,13.306667,1,3,4
461,52.490167,13.360389,1,3,4
462,52.542779,13.593999,0,4,4
463,52.523493,13.433068,7,2,9
464,52.484528,13.385548,9,3,12
465,52.537865,13.396356,2,2,4
466,52.536503,13.394327,0,4,4
467,52.537366,13.39355,0,4,4
468,52.493292,13.490812,2,2,4
469,52.492929,13.490599,1,3,4
470,52.502139,13.471668,8,0,4
471,52.489124,13.447829,3,1,4
472,52.532011,13.3437,5,0,4
473,52.464361,13.485884,5,0,4
474,52.505594,13.334323,4,0,4
475,52.489083,13.294083,0,4,4
476,52.506067,13.320225,1,3,4
477,52.516888,13.261422,2,2,4
478,52.517086,13.306965,1,3,4
479,52.512963,13.2659,0,4,4
480,52.509833,13.30575,2,2,4
481,52.518667,13.257167,0,4,4
482,52.495304,13.341436,1,3,4
483,52.4714,13.33729,0,4,4
484,52.516084,13.440539,1,3,4
485,52.522586,13.428892,6,0,4
486,52.515767,13.468187,3,1,4
487,52.5199,13.450087,0,4,4
488,52.476899,13.332875,0,4,4
489,52.510178,13.470848,1,3,4
490,52.523306,13.586972,0,4,4
491,52.489755,13.388745,2,2,4
492,52.494432,13.42098,2,2,4
493,52.500833,13.391277,3,1,4
494,52.503448,13.403578,1,3,4
495,52.493919,13.383488,1,3,4
496,52.525436,13.465323,2,2,4
497,52.507295,13.512529,2,2,4
498,52.513389,13.518167,3,1,4
499,52.445667,13.386278,2,2,4
500,52.524215,13.402972,1,3,4
501,52.5375,13.405667,0,4,4
502,52.511056,13.38094,2,2,4
503,52.518901,13.417102,2,2,4
504,52.534289,13.378585,0,4,4
505,52.51756,13.420484,3,1,4
506,52.520974,13.334141,1,3,4
507,52.491682,13.423128,1,3,4
508,52.491833,13.432833,0,4,4
509,52.485368,13.437894,4,0,4
510,52.490372,13.434268,2,2,4
511,52.469917,13.463417,1,3,4
512,52.541585,13.439772,0,4,4
513,52.541608,13.438924,1,3,4
514,52.547287,13.4513,3,1,4
515,52.564526,13.4209,2,2,4
516,52.534333,13.425972,0,4,4
517,52.54639,13.442888,1,3,4
518,52.567345,13.411474,0,4,4
519,52.549701,13.413271,3,1,4
520,52.536518,13.418046,0,4,4
521,52.560592,13.365303,2,2,4
522,52.475746,13.29033,0,4,4
523,52.473109,13.301793,0,4,4
524,52.476099,13.363366,2,2,4
525,52.491884,13.354944,5,0,4
526,52.486341,13.356982,0,4,4
527,52.464564,13.327745,2,2,4
528,52.459193,13.323122,4,0,4
529,52.462749,13.326185,1,3,4
530,52.456683,13.322575,4,0,4
531,52.456532,13.387023,3,1,4
532,52.459275,13.38425,4,0,4
533,52.502134,13.358567,2,2,4
534,52.530171,13.337338,0,4,4
535,52.496545,13.466883,3,1,4
536,52.552722,13.347638,2,2,4
537,52.54271,13.366317,1,3,4
538,52.549793,13.458627,3,1,4
539,52.486599,13.325477,0,4,4
540,52.479801,13.326727,1,3,4
541,52.490679,13.335552,3,1,4
542,52.49338,13.332864,1,3,4
543,52.488033,13.334527,1,3,4
544,52.478115,13.282503,2,2,4
545,52.519838,13.387442,1,3,4
546,52.537519,13.428415,4,6,10
547,52.54726,13.394296,4,6,10
548,52.510852,13.437028,5,0,4
549,52.511683,13.279338,3,1,4
550,52.525977,13.422766,4,0,4
551,52.502528,13.343571,1,3,4
552,52.476736,13.363844,3,1,4
553,52.476221,13.386062,2,2,4
554,52.483313,13.402687,0,4,4
555,52.475119,13.419124,0,4,4
556,52.474223,13.419355,0,4,4
557,52.472433,13.419843,0,4,4
558,52.470789,13.420267,0,4,4
559,52.521594,13.410031,2,2,4
560,52.5198,13.463576,1,3,4
561,52.545138,13.412976,0,4,4
562,52.540188,13.4117,2,2,4
563,52.523389,13.401325,1,3,4
564,52.523069,13.402521,3,1,4
565,52.523614,13.398691,4,0,4
566,52.519364,13.393552,4,0,4
567,52.542081,13.425615,1,3,4
568,52.539451,13.423769,0,4,4
569,52.535395,13.422482,0,4,4
570,52.533607,13.420631,1,3,4
571,52.527361,13.415594,0,4,4
572,52.525592,13.419762,0,4,4
573,52.522136,13.415047,2,2,4
574,52.524375,13.440308,0,4,4
575,52.528924,13.377979,0,4,4
576,52.52539,13.365378,1,3,4
577,52.524336,13.361607,2,2,4
578,52.519195,13.453472,0,4,4
579,52.52942,13.443993,0,4,4
580,52.5321,13.441,0,4,4
581,52.534044,13.436987,2,2,4
582,52.538502,13.426741,0,4,4
583,52.540172,13.419065,0,4,4
584,52.510837,13.451836,3,1,4
585,52.510302,13.460328,2,2,4
586,52.511415,13.46956,1,3,4
587,52.544032,13.415299,0,4,4
588,52.54656,13.418416,0,4,4
589,52.506022,13.470231,2,2,4
590,52.511056,13.463954,1,3,4
591,52.512973,13.457893,2,2,4
592,52.520481,13.458606,0,3,4
593,52.520096,13.467001,1,3,4
594,52.513965,13.473691,2,2,4
595,52.634606,13.492751,9,31,40
596,52.486426,13.421897,2,2,4
597,52.456748,13.437041,2,2,4
598,52.457552,13.436741,0,4,4
599,52.481052,13.434686,2,2,4
600,52.480477,13.424322,7,3,10
601,52.470978,13.446198,3,1,4
602,52.47159,13.442829,0,4,4
603,52.485201,13.448457,4,0,4
604,52.490715,13.441467,0,4,4
605,52.493054,13.444659,0,4,4
606,52.475132,13.427374,0,4,4
607,52.477612,13.433061,1,3,4
608,52.478167,13.436322,1,3,4
609,52.476471,13.437154,4,0,4
610,52.471191,13.432202,0,4,4
611,52.469354,13.432572,0,4,4
612,52.46908,13.435775,1,3,4
613,52.469276,13.438243,0,4,4
614,52.473099,13.437594,0,4,4
615,52.500477,13.422992,4,0,4
616,52.500026,13.423099,3,1,4
617,52.502234,13.419864,1,3,4
618,52.501153,13.427879,0,4,4
619,52.501868,13.430201,0,4,4
620,52.499837,13.430164,7,0,4
621,52.500016,13.431709,0,4,4
622,52.500794,13.430625,2,2,4
623,52.499115,13.411061,3,1,4
624,52.500029,13.407987,0,4,4
625,52.502319,13.40781,1,3,4
626,52.500412,13.414403,4,0,4
627,52.49841,13.410471,1,3,4
628,52.49648,13.411523,2,2,4
629,52.495526,13.413175,0,4,4
630,52.495568,13.415895,0,4,4
631,52.498361,13.414189,2,2,4
632,52.484495,13.428678,2,2,4
633,52.485436,13.429466,1,3,4
634,52.483871,13.43232,2,2,4
635,52.485969,13.430024,2,2,4
636,52.48604,13.435351,0,4,4
637,52.488043,13.438012,0,4,4
638,52.476053,13.447604,1,3,4
639,52.476187,13.45484,0,4,4
640,52.479137,13.449653,0,4,4
641,52.480121,13.450876,0,4,4
642,52.480862,13.451632,8,0,4
643,52.479353,13.443232,1,3,4
644,52.479059,13.445136,0,4,4
645,52.47719,13.446558,0,4,4
646,52.474044,13.451166,2,2,4
647,52.472341,13.446091,1,3,4
648,52.471851,13.451262,1,3,4
649,52.473612,13.449379,1,3,4
650,52.473174,13.44851,0,4,4
651,52.489836,13.419741,2,2,4
652,52.487641,13.419296,1,3,4
653,52.509048,13.450667,4,0,4
654,52.511239,13.402258,2,2,4
655,52.545389,13.403819,4,6,10
656,52.506502,13.373387,1,5,6
657,52.505303,13.372947,2,2,4
658,52.517721,13.416345,0,4,4
659,52.626349,13.500336,3,1,4
660,52.624789,13.499676,4,2,6
661,52.636391,13.491361,1,5,6
662,52.626014,13.495902,0,4,4
663,52.506345,13.332092,1,11,12
664,52.506622,13.33148,1,6,7
665,52.628137,13.506183,4,5,9
666,52.54092,13.345,1,3,4
667,52.54289,13.34361,1,2,4
668,52.54131,13.34031,2,2,4
669,52.542729,13.4187,3,15,18
670,52.519821,13.251802,3,2,5
671,52.54203,13.34843,2,2,4
672,52.488964,13.409194,0,4,4
673,52.518972,13.286389,3,1,4
674,52.466733,13.310492,2,6,8
675,52.440496,13.316777,1,3,4
676,52.540189,13.35875,0,4,4
677,52.474088,13.445409,2,2,4
678,52.496829,13.330333,1,3,4
679,52.486529,13.39409,0,4,4
680,52.507999,13.459428,1,3,4
681,52.49336,13.437501,3,1,4
682,52.505484,13.447766,1,3,4
683,52.511383,13.448853,3,1,4
684,52.503179,13.30795,3,1,4
685,52.485815,13.338057,0,4,4
686,52.48399,13.338228,2,2,4
687,52.505433,13.37652,1,3,4
688,52.50531,13.405296,3,1,4
689,52.50294,13.454761,0,4,4
690,52.514026,13.470445,0,4,4
691,52.497109,13.44881,2,2,4
692,52.509287,13.473256,0,4,4
693,52.527938,13.460601,2,2,4
694,52.50305,13.507992,0,4,4
695,52.514612,13.398249,1,3,4
696,52.514431,13.377696,1,3,4
697,52.513705,13.380057,2,2,4
698,52.520477,13.405254,0,4,4
699,52.521466,13.407278,0,4,4
700,52.528601,13.39715,5,0,4
701,52.5497,13.363968,0,4,4
702,52.528209,13.409095,6,0,4
703,52.526974,13.408105,3,1,4
704,52.524302,13.395943,1,3,4
705,52.549358,13.353717,1,3,4
706,52.525713,13.390295,1,3,4
707,52.517951,13.375946,1,3,4
708,52.529473,13.399756,0,4,4
709,52.518313,13.395946,2,2,4
710,52.509723,13.377067,2,2,4
711,52.509387,13.377128,2,2,4
712,52.479833,13.436861,3,1,4
713,52.479103,13.438087,2,2,4
714,52.478378,13.440949,0,4,4
715,52.486137,13.439244,0,4,4
716,52.480753,13.416025,0,4,4
717,52.480471,13.421299,1,3,4
718,52.470518,13.429504,0,4,4
719,52.478492,13.432362,0,4,4
720,52.467457,13.421134,0,4,4
721,52.505241,13.448972,1,3,4
722,52.473311,13.419505,0,4,4
723,52.470944,13.43871,0,4,4
724,52.46052,13.480546,2,2,4
725,52.482619,13.454293,2,2,4
726,52.551465,13.449922,1,3,4
727,52.532586,13.435255,0,4,4
728,52.538251,13.417553,0,4,4
729,52.536429,13.427476,0,4,4
730,52.541861,13.421361,0,4,4
731,52.545968,13.434495,1,3,4
732,52.545006,13.437077,0,4,4
733,52.544511,13.437913,0,4,4
734,52.529866,13.425257,1,3,4
735,52.531561,13.420154,0,4,4
736,52.538048,13.419886,2,2,4
737,52.538417,13.414489,2,2,4
738,52.539467,13.410568,0,4,4
739,52.535559,13.416959,0,4,4
740,52.54892,13.407291,0,4,4
741,52.552169,13.439629,1,3,4
742,52.530217,13.409066,0,4,4
743,52.551472,13.404556,2,2,4
744,52.532567,13.424191,0,4,4
745,52.530869,13.422412,0,4,4
746,52.549044,13.424748,0,4,4
747,52.558564,13.423047,0,4,4
748,52.539487,13.407435,0,4,4
749,52.547373,13.438893,0,4,4
750,52.525582,13.454818,5,0,4
751,52.545053,13.414741,0,4,4
752,52.547163,13.416506,0,4,4
753,52.527877,13.452137,0,4,4
754,52.550481,13.429589,0,4,4
755,52.52256,13.459925,0,4,4
756,52.554426,13.399386,0,4,4
757,52.523468,13.46452,2,2,4
758,52.52445,13.465156,4,0,4
759,52.553818,13.40888,1,3,4
760,52.553698,13.411128,0,4,4
761,52.537739,13.41188,1,3,4
762,52.546715,13.401103,0,4,4
763,52.540839,13.422415,0,4,4
764,52.541409,13.42333,0,4,4
765,52.554123,13.429514,1,3,4
766,52.553634,13.424097,0,4,4
767,52.555139,13.423882,0,4,4
768,52.521725,13.463431,0,4,4
769,52.528945,13.430506,0,4,4
770,52.530289,13.432534,0,4,4
771,52.536714,13.440871,0,4,4
772,52.538744,13.436835,1,3,4
773,52.544614,13.422439,1,3,4
774,52.530592,13.447008,0,4,4
775,52.521313,13.454695,0,4,4
776,52.524528,13.457136,0,4,4
777,52.518526,13.470719,2,2,4
778,52.51838,13.45952,2,2,4
779,52.514827,13.443453,0,4,4
780,52.498802,13.465365,0,4,4
781,52.5013,13.466433,2,2,4
782,52.514001,13.427867,2,2,4
783,52.517805,13.449046,0,4,4
784,52.513075,13.447365,1,3,4
785,52.50579,13.463531,0,4,4
786,52.509835,13.46448,1,3,4
787,52.511351,13.458892,1,3,4
788,52.509548,13.4675,0,4,4
789,52.493628,13.472559,2,2,4
790,52.495333,13.468552,2,2,4
791,52.525116,13.430078,1,3,4
792,52.483552,13.353995,1,3,4
793,52.484358,13.352755,1,3,4
794,52.500938,13.357589,0,4,4
795,52.501045,13.347847,2,2,4
796,52.492257,13.349671,0,4,4
797,52.486873,13.352675,1,3,4
798,52.472514,13.377603,0,4,4
799,52.490548,13.365313,1,3,4
800,52.496959,13.36689,2,2,4
801,52.484939,13.372654,0,4,4
802,52.48671,13.357868,1,3,4
803,52.495529,13.349537,2,2,4
804,52.496344,13.3495,0,4,4
805,52.500568,13.346887,2,2,4
806,52.4841,13.335132,0,4,4
807,52.494474,13.359455,1,3,4
808,52.494076,13.361269,0,4,4
809,52.477344,13.330632,1,3,4
810,52.485773,13.360807,1,3,4
811,52.468894,13.385848,0,4,4
812,52.468985,13.385355,0,4,4
813,52.492776,13.368961,1,3,4
814,52.484136,13.351336,2,2,4
815,52.503185,13.338711,4,0,4
816,52.474941,13.385456,0,4,4
817,52.488355,13.339633,3,1,4
818,52.490669,13.36,1,3,4
819,52.497109,13.341678,0,4,4
820,52.494468,13.355298,3,1,4
821,52.495095,13.354188,0,4,4
822,52.497303,13.470102,0,4,4
823,52.489611,13.481689,1,3,4
824,52.486939,13.347246,1,3,4
825,52.488731,13.358365,0,4,4
826,52.528507,13.34759,6,7,13
827,52.505363,13.44412,0,4,4
828,52.511451,13.446783,0,4,4
829,52.510217,13.44741,1,3,4
830,52.504702,13.465751,0,4,4
831,52.506606,13.332945,3,2,5
832,52.505855,13.374122,5,0,4
833,52.507207,13.372748,1,3,4
834,52.506808,13.373022,2,2,4
835,52.506198,13.373542,1,3,4
836,52.506093,13.373934,2,2,4
837,52.539875,13.352627,1,3,4
838,52.527336,13.339237,0,4,4
839,52.503464,13.359517,4,0,4
840,52.536919,13.383647,1,3,4
841,52.553087,13.390097,0,4,4
842,52.541522,13.369971,1,5,6
843,52.5437,13.374552,0,6,6
844,52.52618,13.358887,2,4,6
845,52.552041,13.365711,0,6,6
846,52.54656,13.343904,1,5,6
847,52.482088,13.435925,0,6,6
848,52.508807,13.311154,0,6,6
849,52.470533,13.319994,0,6,6
850,52.484171,13.294048,5,1,6
851,52.482052,13.28099,2,4,6
852,52.491627,13.290542,0,6,6
853,52.515885,13.390777,3,3,6
854,52.511082,13.396508,3,3,6
855,52.504278,13.504821,0,6,6
856,52.516444,13.376517,0,6,6
857,52.515976,13.376679,3,3,6
858,52.507383,13.427728,1,5,6
859,52.509897,13.405305,1,5,6
860,52.499847,13.370479,1,5,6
861,52.519454,13.375924,2,4,6
862,52.519952,13.382297,0,6,6
863,52.53223,13.341018,3,3,6
864,52.532706,13.341297,2,4,6
865,52.455164,13.375436,1,5,6
866,52.517425,13.391975,1,5,6
867,52.465554,13.394716,2,4,6
868,52.464923,13.347707,0,6,6
869,52.465119,13.339,1,5,6
870,52.475658,13.324351,0,6,6
871,52.459193,13.348265,0,6,6
872,52.445446,13.379325,2,4,6
873,52.468533,13.374651,1,5,6
874,52.439057,13.387415,1,3,4
875,52.453146,13.384738,1,5,6
876,52.506578,13.36823,5,1,6
877,52.505074,13.362406,2,4,6
878,52.513557,13.424547,0,6,6
879,52.510916,13.393965,0,6,6
880,52.511327,13.405026,0,6,6
881,52.517886,13.384663,4,2,6
882,52.516916,13.384126,2,4,6
883,52.505698,13.350835,6,0,6
884,52.50159,13.371305,0,6,6
885,52.519302,13.400257,2,4,6
886,52.519632,13.39949,2,4,6
887,52.516608,13.406394,2,4,6
888,52.522136,13.404924,0,6,6
889,52.52399,13.412805,1,3,4
890,52.519903,13.386551,3,3,6
891,52.520799,13.386688,1,5,6
892,52.515013,13.449229,0,6,6
893,52.563912,13.327,4,0,4
894,52.567113,13.311728,1,3,4
895,52.566647,13.313622,2,2,4
896,52.568087,13.311835,1,3,4
897,52.567172,13.314545,0,4,4
898,52.566086,13.320199,2,2,4
899,52.571709,13.302214,3,1,4
900,52.571477,13.301996,0,4,4
901,52.576203,13.295222,3,1,4
902,52.576412,13.295576,1,3,4
903,52.581217,13.291284,0,4,4
904,52.582517,13.290313,3,1,4
905,52.590119,13.283343,3,1,4
906,52.590822,13.282921,3,1,4
907,52.590903,13.282111,2,2,4
908,52.589939,13.283072,1,3,4
909,52.588825,13.288451,2,1,4
910,52.525628,13.24183,0,4,4
911,52.510022,13.455069,0,4,4
912,52.509182,13.457614,3,1,4
913,52.510844,13.456562,4,0,4
914,52.511569,13.45704,4,0,4
915,52.514964,13.460124,0,4,4
916,52.515398,13.460403,0,4,4
917,52.514729,13.457415,0,4,4
918,52.514709,13.456809,0,4,4
919,52.516005,13.454427,2,2,4
920,52.516201,13.45333,1,3,4
921,52.508052,13.463359,1,3,4
922,52.505871,13.461127,2,2,4
923,52.537748,13.421731,0,4,4
924,52.536997,13.423174,1,3,4
925,52.535164,13.431403,0,4,4
926,52.531502,13.427171,2,2,4
927,52.531982,13.434713,0,4,4
928,52.533111,13.407086,0,4,4
929,52.588237,13.288581,1,3,4
930,52.581047,13.290732,2,2,4
931,52.582746,13.289369,3,1,4
932,52.576386,13.294305,3,1,4
933,52.577481,13.315569,0,4,4
934,52.577716,13.315355,0,4,4
935,52.497652,13.443795,1,3,4
936,52.497451,13.432097,1,3,4
937,52.481843,13.425175,2,2,4
938,52.484394,13.393224,3,1,4
939,52.487599,13.444288,1,3,4
940,52.527266,13.449337,0,6,6
941,52.46679,13.42123,0,4,4
942,52.488406,13.414103,0,4,4
943,52.52382,13.382061,1,3,4
944,52.526343,13.407215,1,3,4
945,52.527811,13.411292,0,4,4
946,52.518186,13.388681,4,0,4
947,52.520259,13.410804,2,2,4
948,52.541239,13.393906,2,2,4
949,52.518375,13.342043,2,2,4
950,52.53812,13.344682,1,3,4
951,52.50095,13.363339,0,4,4
952,52.514295,13.405568,2,2,4
953,52.509934,13.368738,2,2,4
954,52.540968,13.387554,0,4,4
955,52.506459,13.417654,7,0,4
956,52.508235,13.414028,0,4,4
957,52.533816,13.359343,4,0,4
958,52.534566,13.354263,1,3,4
959,52.532589,13.350352,0,4,4
960,52.522716,13.368441,0,4,4
961,52.522841,13.366123,1,3,4
962,52.530758,13.346719,0,4,4
963,52.524277,13.34936,4,0,4
964,52.520004,13.337585,0,4,4
965,52.522067,13.328325,1,3,4
966,52.527962,13.324673,0,4,4
967,52.526756,13.334046,1,3,4
968,52.532475,13.384894,2,2,4
969,52.530452,13.374631,3,1,4
970,52.527968,13.374803,1,3,4
971,52.52721,13.382609,2,2,4
972,52.523294,13.392125,3,1,4
973,52.520884,13.400802,2,2,4
974,52.513737,13.417863,2,2,4
975,52.516358,13.395676,2,2,4
976,52.509747,13.420886,0,4,4
977,52.524526,13.418797,3,1,4
978,52.525156,13.416412,3,1,4
979,52.528132,13.403303,2,2,4
980,52.527971,13.410117,3,1,4
981,52.528523,13.407478,1,3,4
982,52.524623,13.404415,5,0,4
983,52.518738,13.396207,4,0,4
984,52.520556,13.390183,3,1,4
985,52.509616,13.392087,1,3,4
986,52.509519,13.400362,2,2,4
987,52.507149,13.347253,2,2,4
988,52.515637,13.386524,0,4,4
989,52.518863,13.380012,2,2,4
990,52.553471,13.377134,1,3,4
991,52.525086,13.379046,2,2,4
992,52.556942,13.374233,1,3,4
993,52.5534,13.361578,1,3,4
994,52.548971,13.365549,0,4,4
995,52.519699,13.428432,0,4,4
996,52.523275,13.426913,0,4,4
997,52.528477,13.398128,1,3,4
998,52.529538,13.397425,2,2,4
999,52.493334,13.38354,1,3,4
1000,52.49257,13.379229,2,2,4
1001,52.491825,13.376863,0,4,4
1002,52.491809,13.379545,3,1,4
1003,52.493001,13.402223,1,3,4
1004,52.489019,13.399205,0,4,4
1005,52.492528,13.417461,3,1,4
1006,52.494406,13.410149,0,4,4
1007,52.49372,13.418593,1,3,4
1008,52.506338,13.408089,4,0,4
1009,52.509793,13.407495,4,0,4
1010,52.490186,13.456568,1,3,4
1011,52.49146,13.457775,0,4,4
1012,52.491914,13.458316,0,4,4
1013,52.484538,13.466181,0,4,4
1014,52.486858,13.464621,0,4,4
1015,52.493083,13.460559,3,1,4
1016,52.492662,13.461261,0,4,4
1017,52.49315,13.461706,2,2,4
1018,52.467456,13.309588,0,4,4
1019,52.467688,13.309218,1,3,4
1020,52.467194,13.320118,0,4,4
1021,52.465282,13.32163,0,4,4
1022,52.451698,13.310787,0,4,4
1023,52.455905,13.319453,0,4,4
1024,52.491427,13.450195,2,2,4
1025,52.456792,13.320258,4,0,4
1026,52.45487,13.319615,0,4,4
1027,52.49208,13.412933,0,4,4
1028,52.49099,13.410607,2,2,4
1029,52.497192,13.424279,5,0,4
1030,52.502778,13.378557,2,2,4
1031,52.501306,13.388702,3,1,4
1032,52.502991,13.431457,1,3,4
1033,52.502345,13.429252,1,3,4
1034,52.504715,13.414827,2,2,4
1035,52.489715,13.389797,0,4,4
1036,52.490558,13.391637,0,4,4
1037,52.502097,13.376831,0,4,4
1038,52.525186,13.428374,0,4,4
1039,52.525139,13.452436,1,3,4
1040,52.513133,13.462399,2,2,4
1041,52.508869,13.469147,0,4,4
1042,52.503661,13.451858,1,3,4
1043,52.498642,13.38043,0,4,4
1044,52.498279,13.435367,1,3,4
1045,52.497567,13.437561,1,3,4
1046,52.496705,13.440249,2,2,4
1047,52.498416,13.442422,1,3,4
1048,52.495843,13.445817,0,4,4
1049,52.492995,13.396668,1,3,4
1050,52.492026,13.391139,2,2,4
1051,52.49453,13.394759,0,4,4
1052,52.493086,13.414312,0,4,4
1053,52.494069,13.428737,0,4,4
1054,52.494896,13.432766,2,2,4
1055,52.507977,13.393958,8,0,4
1056,52.507027,13.394689,0,4,4
1057,52.507824,13.391958,0,4,4
1058,52.498338,13.395,0,4,4
1059,52.499481,13.380806,2,2,4
1060,52.506949,13.423271,0,4,4
1061,52.50987,13.414585,3,1,4
1062,52.504947,13.433104,1,3,4
1063,52.501156,13.434691,0,4,4
1064,52.500104,13.438423,6,0,4
1065,52.502238,13.321987,0,4,4
1066,52.502175,13.325102,1,3,4
1067,52.504095,13.331941,3,1,4
1068,52.506038,13.321685,3,1,4
1069,52.50596,13.323197,1,3,4
1070,52.509065,13.31786,1,3,4
1071,52.505816,13.317656,3,1,4
1072,52.505218,13.317515,0,4,4
1073,52.50578,13.306986,0,4,4
1074,52.507938,13.306632,0,4,4
1075,52.491038,13.331142,0,4,4
1076,52.499713,13.306423,0,4,4
1077,52.516779,13.323945,1,3,4
1078,52.477366,13.329001,0,4,4
1079,52.50162,13.335434,0,4,4
1080,52.512392,13.315086,1,3,4
1081,52.511058,13.30119,1,3,4
1082,52.48852,13.301482,3,1,4
1083,52.498423,13.299974,0,4,4
1084,52.48812,13.302811,0,4,4
1085,52.487432,13.300169,2,2,4
1086,52.530034,13.300999,2,2,4
1087,52.525865,13.305792,3,1,4
1088,52.510753,13.296917,0,4,4
1089,52.510772,13.297625,0,4,4
1090,52.484041,13.331478,0,4,4
1091,52.479941,13.332596,2,2,4
1092,52.479993,13.324352,0,4,4
1093,52.48356,13.320646,0,4,4
1094,52.484198,13.322137,0,4,4
1095,52.482734,13.326181,0,4,4
1096,52.482734,13.329824,0,4,4
1097,52.481343,13.318784,1,3,4
1098,52.481597,13.320551,1,3,4
1099,52.480964,13.313446,4,0,4
1100,52.483265,13.313437,0,4,4
1101,52.517856,13.306187,0,4,4
1102,52.493429,13.314705,0,4,4
1103,52.492396,13.319264,2,2,4
1104,52.491237,13.326793,0,4,4
1105,52.492796,13.332996,0,4,4
1106,52.496143,13.334378,0,4,4
1107,52.478984,13.309695,0,4,4
1108,52.496928,13.311375,0,4,4
1109,52.49615,13.318037,0,4,4
1110,52.499709,13.313215,0,4,4
1111,52.49886,13.315896,1,3,4
1112,52.504095,13.317168,0,4,4
1113,52.504551,13.313353,1,3,4
1114,52.494864,13.301543,0,4,4
1115,52.501501,13.296852,0,4,4
1116,52.517975,13.317577,0,4,4
1117,52.523363,13.323358,3,1,4
1118,52.518675,13.326239,3,1,4
1119,52.460668,13.323475,2,2,4
1120,52.52014,13.306056,1,3,4
1121,52.521401,13.3001,0,4,4
1122,52.523399,13.309643,0,4,4
1123,52.523321,13.315396,0,4,4
1124,52.52316,13.305721,0,4,4
1125,52.519806,13.314561,0,4,4
1126,52.528333,13.297077,0,4,4
1127,52.523895,13.299047,0,4,4
1128,52.522703,13.300694,4,0,4
1129,52.515916,13.318106,1,3,4
1130,52.514889,13.31506,0,4,4
1131,52.507866,13.314336,2,2,4
1132,52.508093,13.300182,0,4,4
1133,52.509741,13.301443,0,4,4
1134,52.506471,13.289082,0,4,4
1135,52.513325,13.291086,1,3,4
1136,52.513309,13.296772,0,4,4
1137,52.513227,13.305092,0,4,4
1138,52.506706,13.295409,1,3,4
1139,52.504773,13.298431,1,3,4
1140,52.506892,13.299252,0,4,4
1141,52.510375,13.291307,2,2,4
1142,52.510375,13.285707,1,3,4
1143,52.516803,13.302374,2,2,4
1144,52.503775,13.29171,1,3,4
1145,52.506645,13.280767,1,3,4
1146,52.504038,13.278863,0,4,4
1147,52.541698,13.273363,0,4,4
1148,52.538084,13.286483,2,2,4
1149,52.536577,13.286602,1,3,4
1150,52.518188,13.278159,0,4,4
1151,52.520276,13.262895,4,0,4
1152,52.518895,13.262046,3,1,4
1153,52.51701,13.271633,2,2,4
1154,52.512762,13.259722,0,4,4
1155,52.516248,13.258003,0,4,4
1156,52.525666,13.314621,0,4,4
1157,52.525666,13.304848,0,4,4
1158,52.528207,13.299165,2,2,4
1159,52.518149,13.313508,2,2,4
1160,52.500485,13.263676,2,2,4
1161,52.516424,13.310291,0,4,4
1162,52.5125,13.276807,1,3,4
1163,52.476864,13.320127,0,4,4
1164,52.474406,13.314338,0,4,4
1165,52.473353,13.311071,0,4,4
1166,52.472607,13.307835,0,4,4
1167,52.477223,13.287868,0,4,4
1168,52.470669,13.288908,3,1,4
1169,52.478551,13.275468,0,4,4
1170,52.484015,13.267205,0,4,4
1171,52.494379,13.285749,1,3,4
1172,52.492653,13.296191,3,1,4
1173,52.482691,13.263149,3,1,4
1174,52.490672,13.304241,0,4,4
1175,52.495378,13.297974,0,4,4
1176,52.503283,13.300516,0,4,4
1177,52.497435,13.339798,1,3,4
1178,52.491561,13.323613,0,4,4
1179,52.486695,13.31539,0,4,4
1180,52.478419,13.34295,0,4,4
1181,52.474458,13.371662,0,4,4
1182,52.480721,13.377265,0,4,4
1183,52.477351,13.378188,0,4,4
1184,52.481208,13.350261,2,2,4
1185,52.496831,13.344841,0,4,4
1186,52.497062,13.354517,0,4,4
1187,52.490703,13.351037,0,4,4
1188,52.495552,13.363041,1,3,4
1189,52.497296,13.364369,2,2,4
1190,52.482515,13.342502,0,4,4
1191,52.482727,13.34637,0,4,4
1192,52.481348,13.363363,1,3,4
1193,52.478445,13.363445,0,4,4
1194,52.483694,13.363336,0,4,4
1195,52.48145,13.361596,1,3,4
1196,52.461671,13.376581,0,4,4
1197,52.465809,13.37799,0,4,4
1198,52.460495,13.370094,3,1,4
1199,52.458402,13.369779,2,2,4
1200,52.471418,13.335431,2,2,4
1201,52.466214,13.37043,3,1,4
1202,52.457474,13.391068,3,1,4
1203,52.496177,13.472965,0,4,4
1204,52.448221,13.378904,1,3,4
1205,52.44496,13.374379,0,4,4
1206,52.484558,13.479792,0,4,4
1207,52.484285,13.46841,0,4,4
1208,52.477772,13.478846,0,4,4
1209,52.474332,13.483989,1,3,4
1210,52.467469,13.490165,1,3,4
1211,52.465807,13.486999,0,4,4
1212,52.46625,13.48278,0,4,4
1213,52.463027,13.484244,0,4,4
1214,52.467766,13.484143,0,4,4
1215,52.473941,13.423344,0,4,4
1216,52.474624,13.42258,1,3,4
1217,52.475493,13.422298,0,4,4
1218,52.478817,13.421688,1,3,4
1219,52.481261,13.42778,3,1,4
1220,52.481484,13.431757,0,4,4
1221,52.466603,13.432013,1,3,4
1222,52.4674,13.431682,1,3,4
1223,52.499239,13.445587,7,0,4
1224,52.500216,13.443811,3,1,4
1225,52.49763,13.448061,3,1,4
1226,52.514398,13.466188,3,1,4
1227,52.514567,13.467759,2,2,4
1228,52.516407,13.465236,1,3,4
1229,52.524446,13.407826,2,2,4
1230,52.524538,13.449399,0,4,4
1231,52.525037,13.406045,3,1,4
1232,52.523167,13.403755,3,1,4
1233,52.52364,13.407395,0,4,4
1234,52.52682,13.401099,1,3,4
1235,52.527592,13.400732,2,2,4
1236,52.533663,13.402855,0,4,4
1237,52.535242,13.403668,0,4,4
1238,52.538475,13.409516,3,1,4
1239,52.554907,13.391025,0,4,4
1240,52.551893,13.465768,0,4,4
1241,52.550028,13.446485,1,3,4
1242,52.553686,13.43471,0,4,4
1243,52.551378,13.429831,0,4,4
1244,52.552328,13.424324,0,4,4
1245,52.554376,13.402786,0,4,4
1246,52.556248,13.38433,0,4,4
1247,52.556162,13.377618,0,4,4
1248,52.556734,13.36596,0,4,4
1249,52.543611,13.339736,0,4,4
1250,52.550443,13.413944,0,4,4
1251,52.552246,13.413926,1,3,4
1252,52.563419,13.412386,0,4,4
1253,52.475645,13.439739,1,3,4
1254,52.480333,13.446954,0,4,4
1255,52.519257,13.3002,3,1,4
1256,52.496569,13.485644,1,3,4
1257,52.501042,13.477033,0,4,4
1258,52.455428,13.384255,0,4,4
1259,52.448138,13.385133,2,2,4
1260,52.469456,13.491266,1,7,8
1261,52.467812,13.492917,1,3,4
1262,52.476282,13.35751,2,2,4
1263,52.476991,13.360287,1,3,4
1264,52.478972,13.354454,0,4,4
1265,52.469443,13.367475,4,0,4
1266,52.47884,13.371241,1,3,4
1267,52.55339,13.386406,0,4,4
1268,52.475795,13.366161,4,16,20
1269,52.567262,13.420099,0,4,4
1270,52.556941,13.414584,0,4,4
1271,52.565627,13.402693,0,4,4
1272,52.56614,13.396238,1,3,4
1273,52.56136,13.407376,1,3,4
1274,52.558635,13.386578,0,4,4
1275,52.560246,13.380151,1,3,4
1276,52.560945,13.37179,0,4,4
1277,52.562186,13.357358,2,2,4
1278,52.552135,13.342016,0,4,4
1279,52.548316,13.348502,1,3,4
1280,52.467028,13.382863,1,3,4
1281,52.460765,13.384491,0,4,4
1282,52.457591,13.376107,1,3,4
1283,52.459943,13.308427,2,2,4
1284,52.447866,13.30594,2,2,4
1285,52.446717,13.401633,2,2,4
1286,52.452494,13.438933,0,4,4
1287,52.455189,13.444573,1,3,4
1288,52.460141,13.429857,3,1,4
1289,52.46622,13.436467,2,2,4
1290,52.464714,13.438945,0,4,4
1291,52.46674,13.435324,2,2,4
1292,52.468129,13.445263,3,1,4
1293,52.464122,13.433581,1,3,4
1294,52.460573,13.435029,1,3,4
1295,52.462549,13.418127,0,4,4
1296,52.462481,13.422074,0,4,4
1297,52.464613,13.416279,1,3,4
1298,52.452343,13.43355,0,4,4
1299,52.46532,13.421638,0,4,4
1300,52.450102,13.347305,2,2,4
1301,52.451161,13.338404,1,3,4
1302,52.462753,13.338982,0,4,4
1303,52.464301,13.334857,0,4,4
1304,52.459369,13.335211,0,4,4
1305,52.458532,13.339088,0,4,4
1306,52.460425,13.342402,0,4,4
1307,52.455851,13.332353,0,4,4
1308,52.454254,13.328899,0,4,4
1309,52.458069,13.327006,0,4,4
1310,52.462875,13.333301,0,4,4
1311,52.455909,13.323494,0,4,4
1312,52.457911,13.317597,0,4,4
1313,52.461129,13.317572,2,2,4
1314,52.464482,13.316512,2,2,4
1315,52.469611,13.325351,4,0,4
1316,52.473514,13.332556,0,4,4
1317,52.449789,13.366758,1,3,4
1318,52.440832,13.420079,2,2,4
1319,52.442179,13.404577,0,4,4
1320,52.489558,13.260491,0,4,4
1321,52.498288,13.269833,2,2,4
1322,52.485155,13.382592,1,3,4
1323,52.484911,13.376829,0,4,4
1324,52.4916,13.382469,0,4,4
1325,52.488441,13.391604,0,4,4
1326,52.48686,13.390585,0,4,4
1327,52.489234,13.397538,0,4,4
1328,52.487237,13.386286,1,3,4
1329,52.499102,13.45991,0,4,4
1330,52.511998,13.472623,0,4,4
1331,52.512618,13.459508,5,0,4
1332,52.509863,13.462177,1,3,4
1333,52.513886,13.453514,5,0,4
1334,52.508545,13.462302,2,2,4
1335,52.517053,13.460933,1,3,4
1336,52.512421,13.468423,0,4,4
1337,52.511221,13.46306,1,3,4
1338,52.50609,13.442309,0,4,4
1339,52.505969,13.43982,0,4,4
1340,52.504252,13.443285,1,3,4
1341,52.51169,13.43356,1,3,4
1342,52.512532,13.413326,0,4,4
1343,52.493632,13.462173,1,3,4
1344,52.48812,13.462813,1,3,4
1345,52.495806,13.467458,2,2,4
1346,52.495,13.471561,0,4,4
1347,52.502756,13.438865,0,4,4
1348,52.521636,13.436038,1,3,4
1349,52.52195,13.423276,2,2,4
1350,52.524966,13.42137,3,1,4
1351,52.52658,13.42773,0,4,4
1352,52.511748,13.466277,2,2,4
1353,52.50689,13.468852,0,4,4
1354,52.506249,13.465785,3,1,4
1355,52.492165,13.28472,0,4,4
1356,52.486687,13.284127,0,4,4
1357,52.489487,13.29024,0,4,4
1358,52.490726,13.276213,0,4,4
1359,52.495947,13.286775,1,3,4
1360,52.496653,13.288269,0,4,4
1361,52.494876,13.289228,0,4,4
1362,52.489538,13.284489,0,4,4
1363,52.488323,13.278642,3,1,4
1364,52.482947,13.285437,1,3,4
1365,52.479982,13.271727,0,4,4
1366,52.506997,13.235506,0,4,4
1367,52.507841,13.24234,2,2,4
1368,52.512989,13.239465,0,4,4
1369,52.515482,13.243876,0,4,4
1370,52.516486,13.25685,0,4,4
1371,52.506984,13.228057,0,4,4
1372,52.50962,13.228719,0,4,4
1373,52.534412,13.431324,0,4,4
1374,52.535697,13.432148,0,4,4
1375,52.540906,13.424977,0,4,4
1376,52.542994,13.423566,0,4,4
1377,52.544083,13.423976,0,4,4
1378,52.545787,13.419993,0,4,4
1379,52.531209,13.411732,1,3,4
1380,52.530557,13.41426,1,3,4
1381,52.529053,13.409872,3,1,4
1382,52.530587,13.406002,0,4,4
1383,52.519948,13.433296,5,0,4
1384,52.52512,13.444097,0,4,4
1385,52.530602,13.435186,2,2,4
1386,52.536515,13.436958,0,4,4
1387,52.535465,13.439219,0,4,4
1388,52.533425,13.443001,1,3,4
1389,52.533673,13.438819,0,4,4
1390,52.536788,13.272009,0,4,4
1391,52.519139,13.425003,1,3,4
1392,52.526361,13.409663,5,0,4
1393,52.527273,13.406421,2,2,4
1394,52.527534,13.404753,2,2,4
1395,52.527465,13.402977,6,0,4
1396,52.529012,13.4031,3,1,4
1397,52.528928,13.399994,0,4,4
1398,52.527283,13.392355,2,2,4
1399,52.527403,13.388954,0,4,4
1400,52.530376,13.387586,1,3,4
1401,52.529375,13.384754,3,1,4
1402,52.52144,13.417429,0,4,4
1403,52.522831,13.415889,4,0,4
1404,52.524926,13.413601,0,4,4
1405,52.527005,13.414112,0,4,4
1406,52.526915,13.410997,2,2,4
1407,52.524192,13.409164,1,3,4
1408,52.525354,13.398893,1,3,4
1409,52.523425,13.389947,1,3,4
1410,52.523516,13.388461,1,3,4
1411,52.523405,13.384277,1,3,4
1412,52.522198,13.384228,1,3,4
1413,52.520687,13.3848,4,0,4
1414,52.521805,13.386741,1,3,4
1415,52.520474,13.388044,1,3,4
1416,52.522593,13.394292,1,3,4
1417,52.522978,13.377464,3,1,4
1418,52.52081,13.377426,2,2,4
1419,52.523474,13.379679,1,3,4
1420,52.523562,13.373848,4,0,4
1421,52.528173,13.377881,3,1,4
1422,52.528245,13.381321,3,1,4
1423,52.532103,13.378451,0,4,4
1424,52.527141,13.370811,5,0,4
1425,52.527354,13.363774,0,4,4
1426,52.519711,13.355843,1,3,4
1427,52.521983,13.348749,1,3,4
1428,52.5302,13.362229,1,3,4
1429,52.540887,13.368448,0,4,4
1430,52.540143,13.375806,0,4,4
1431,52.542465,13.383551,1,3,4
1432,52.538205,13.38484,5,0,4
1433,52.539024,13.385929,0,4,4
1434,52.533082,13.387377,0,4,4
1435,52.529424,13.392779,1,3,4
1436,52.528686,13.394104,2,2,4
1437,52.533535,13.396765,0,4,4
1438,52.532604,13.397668,0,4,4
1439,52.533933,13.387045,0,4,4
1440,52.532271,13.381129,3,1,4
1441,52.537918,13.373258,2,2,4
1442,52.524945,13.40321,0,4,4
1443,52.528764,13.34348,2,2,4
1444,52.526349,13.34363,3,1,4
1445,52.52832,13.338717,1,3,4
1446,52.531046,13.32878,0,4,4
1447,52.530901,13.331518,2,2,4
1448,52.525967,13.318571,1,3,4
1449,52.528975,13.306918,1,3,4
1450,52.526521,13.298468,2,2,4
1451,52.524574,13.303548,0,4,4
1452,52.524547,13.306007,1,3,4
1453,52.518333,13.304148,3,1,4
1454,52.513585,13.300895,0,4,4
1455,52.519207,13.296003,5,0,4
1456,52.517823,13.296521,1,3,4
1457,52.515814,13.296861,0,4,4
1458,52.504813,13.300157,2,2,4
1459,52.503324,13.295326,0,4,4
1460,52.503164,13.287308,1,3,4
1461,52.507816,13.285696,0,4,4
1462,52.510792,13.289267,1,3,4
1463,52.489144,13.310945,1,3,4
1464,52.490729,13.309014,0,4,4
1465,52.486312,13.32095,4,0,4
1466,52.489555,13.319474,0,4,4
1467,52.48917,13.316312,0,4,4
1468,52.495657,13.31543,4,0,4
1469,52.496054,13.308041,2,2,4
1470,52.497045,13.305029,0,4,4
1471,52.492222,13.309235,0,4,4
1472,52.497998,13.31992,1,3,4
1473,52.495493,13.322134,0,4,4
1474,52.494555,13.327286,0,4,4
1475,52.498077,13.326969,0,4,4
1476,52.498553,13.334055,0,4,4
1477,52.498002,13.336951,0,4,4
1478,52.500175,13.341438,1,3,4
1479,52.497434,13.33979,1,3,4
1480,52.500378,13.300482,0,4,4
1481,52.500918,13.297883,2,2,4
1482,52.502644,13.305508,1,3,4
1483,52.503817,13.303462,1,3,4
1484,52.505048,13.306945,0,4,4
1485,52.501946,13.309861,1,3,4
1486,52.500716,13.311915,0,4,4
1487,52.500171,13.325263,0,4,4
1488,52.489216,13.344735,0,4,4
1489,52.487803,13.342668,0,4,4
1490,52.485784,13.335476,0,4,4
1491,52.497664,13.347959,2,2,4
1492,52.500613,13.349983,1,3,4
1493,52.502047,13.35357,1,3,4
1494,52.493063,13.367983,3,1,4
1495,52.496855,13.384475,4,0,4
1496,52.483721,13.447523,1,3,4
1497,52.482989,13.445855,1,3,4
1498,52.482333,13.443205,1,3,4
1499,52.481369,13.440447,2,2,4
1500,52.472782,13.455194,2,2,4
1501,52.472802,13.452625,2,2,4
1502,52.471492,13.441547,0,4,4
1503,52.479118,13.425336,0,4,4
1504,52.486518,13.424344,1,3,4
1505,52.488281,13.427787,1,3,4
1506,52.490196,13.426554,0,4,4
1507,52.491343,13.427914,0,4,4
1508,52.493276,13.42819,0,4,4
1509,52.467334,13.440623,4,0,4
1510,52.458067,13.425052,1,3,4
1511,52.463128,13.444244,3,1,4
1512,52.499151,13.440104,2,2,4
1513,52.523029,13.453428,0,4,4
1514,52.534952,13.4456,0,4,4
1515,52.519887,13.451756,0,4,4
1516,52.536218,13.433479,0,4,4
1517,52.540234,13.390971,1,3,4
1518,52.541144,13.412563,0,4,4
1519,52.541128,13.40788,0,4,4
1520,52.538479,13.396068,1,3,4
1521,52.522785,13.362503,0,4,4
1522,52.550719,13.410235,0,4,4
1523,52.552601,13.408331,0,4,4
1524,52.549929,13.40811,0,4,4
1525,52.553009,13.403267,0,4,4
1526,52.555329,13.408811,0,4,4
1527,52.554012,13.406102,0,4,4
1528,52.546408,13.397596,0,4,4
1529,52.547633,13.389115,2,2,4
1530,52.549656,13.392254,3,1,4
1531,52.549943,13.387683,1,3,4
1532,52.551696,13.382341,0,4,4
1533,52.55081,13.384808,2,2,4
1534,52.551949,13.388606,0,4,4
1535,52.546555,13.366618,1,3,4
1536,52.548321,13.369353,1,3,4
1537,52.551768,13.371167,0,4,4
1538,52.554275,13.371022,1,3,4
1539,52.554843,13.366307,1,3,4
1540,52.550572,13.35893,0,4,4
1541,52.550048,13.346318,2,2,4
1542,52.558477,13.351187,0,4,4
1543,52.559966,13.37006,0,4,4
1544,52.549962,13.421838,0,4,4
1545,52.548931,13.420942,0,4,4
1546,52.54611,13.424124,0,4,4
1547,52.55136,13.418408,0,4,4
1548,52.548057,13.428292,0,4,4
1549,52.545718,13.42826,2,2,4
1550,52.530366,13.454783,0,4,4
1551,52.533738,13.457549,1,3,4
1552,52.534782,13.451541,1,3,4
1553,52.536698,13.450545,0,4,4
1554,52.471122,13.38535,2,2,4
1555,52.467153,13.385835,0,4,4
1556,52.46472,13.385854,0,4,4
1557,52.459745,13.378848,0,4,4
1558,52.45497,13.380963,0,4,4
1559,52.457993,13.387003,0,4,4
1560,52.456326,13.384046,0,4,4
1561,52.457281,13.381476,2,2,4
1562,52.461261,13.380783,1,3,4
1563,52.464259,13.296437,3,1,4
1564,52.557628,13.390376,0,4,4
1565,52.560871,13.377251,0,4,4
1566,52.543892,13.432417,2,2,4
1567,52.564736,13.390199,0,4,4
1568,52.564848,13.393615,4,0,4
1569,52.561889,13.397791,0,4,4
1570,52.56968,13.404773,3,1,4
1571,52.571003,13.410637,1,3,4
1572,52.565473,13.40618,0,4,4
1573,52.550161,13.391155,0,4,4
1574,52.55385,13.391793,0,4,4
1575,52.508385,13.451616,2,2,4
1576,52.508203,13.452544,0,4,4
1577,52.516717,13.423313,0,4,4
1578,52.51801,13.433431,0,4,4
1579,52.521088,13.429799,1,3,4
1580,52.517641,13.436853,0,4,4
1581,52.51836,13.440449,0,4,4
1582,52.51782,13.452909,0,4,4
1583,52.520409,13.469276,2,2,4
1584,52.51219,13.471231,0,4,4
1585,52.486276,13.4427,0,4,4
1586,52.481317,13.437352,0,4,4
1587,52.482222,13.429155,1,3,4
1588,52.503984,13.417498,0,4,4
1589,52.506387,13.401014,2,2,4
1590,52.500952,13.393774,0,4,4
1591,52.472649,13.48058,0,4,4
1592,52.463422,13.480178,0,4,4
1593,52.480084,13.483233,0,4,4
1594,52.482794,13.470528,0,4,4
1595,52.479157,13.4816,0,4,4
1596,52.464145,13.488954,2,2,4
1597,52.468993,13.478447,0,4,4
1598,52.469694,13.466964,0,4,4
1599,52.471606,13.466764,1,3,4
1600,52.472916,13.458236,1,3,4
1601,52.475057,13.452641,3,1,4
1602,52.495921,13.442647,2,2,4
1603,52.50108,13.441555,4,0,4
1604,52.502492,13.456503,2,1,4
1605,52.515872,13.267891,2,2,4
1606,52.545793,13.444449,0,4,4
1607,52.540072,13.427805,1,3,4
1608,52.473073,13.42525,0,4,4
1609,52.479876,13.42311,1,3,4
1610,52.475886,13.424633,0,4,4
1611,52.474318,13.427444,1,3,4
1612,52.47626,13.309853,0,4,4
1613,52.475191,13.320081,0,4,4
1614,52.472826,13.317193,0,4,4
1615,52.474022,13.31748,1,3,4
1616,52.478903,13.320577,1,3,4
1617,52.481475,13.316604,5,0,4
1618,52.442814,13.380761,2,2,4
1619,52.439249,13.382846,2,2,4
1620,52.443212,13.386539,1,3,4
1621,52.513126,13.463922,2,2,4
1622,52.480049,13.359177,0,4,4
1623,52.538667,13.326637,0,4,4
1624,52.517767,13.397983,3,1,4
1625,52.515773,13.398485,0,4,4
1626,52.517424,13.399283,3,1,4
1627,52.515078,13.410412,7,0,4
1628,52.515637,13.415208,3,1,4
1629,52.515199,13.412177,2,2,4
1630,52.521264,13.413427,2,2,4
1631,52.520981,13.414564,2,2,4
1632,52.518907,13.411056,1,3,4
1633,52.517833,13.407723,0,4,4
1634,52.517144,13.403517,1,3,4
1635,52.512375,13.404232,2,2,4
1636,52.512765,13.411871,5,0,4
1637,52.51149,13.415202,1,3,4
1638,52.510609,13.409747,2,2,4
1639,52.503037,13.413475,2,2,4
1640,52.522012,13.408347,0,4,4
1641,52.493046,13.407699,1,3,4
1642,52.495353,13.389799,0,4,4
1643,52.496502,13.38712,2,2,4
1644,52.493723,13.379395,0,4,4
1645,52.488141,13.370678,0,4,4
1646,52.487945,13.373859,0,4,4
1647,52.501339,13.442202,1,3,4
1648,52.467309,13.473186,0,4,4
1649,52.466433,13.464016,0,4,4
1650,52.462127,13.460891,2,2,4
1651,52.464123,13.464799,0,4,4
1652,52.477913,13.374135,0,4,4
1653,52.486299,13.361515,0,4,4
1654,52.489059,13.363034,0,4,4
1655,52.491273,13.367368,2,2,4
1656,52.489768,13.382185,0,4,4
1657,52.51227,13.391252,0,4,4
1658,52.51609,13.388875,1,3,4
1659,52.515278,13.388989,0,4,4
1660,52.515313,13.395526,1,3,4
1661,52.518996,13.390228,4,0,4
1662,52.519834,13.388783,2,4,6
1663,52.521166,13.402897,1,3,4
1664,52.519462,13.40332,1,3,4
1665,52.511018,13.391634,4,0,4
1666,52.510054,13.38697,0,4,4
1667,52.501633,13.343663,0,4,4
1668,52.481771,13.434284,3,1,4
1669,52.526023,13.240286,4,0,4
1670,52.523183,13.367497,0,4,4
1671,52.524114,13.370464,2,2,4
1672,52.527593,13.361057,2,2,4
1673,52.523278,13.342402,0,4,4
1674,52.523448,13.336276,0,4,4
1675,52.525057,13.337601,1,3,4
1676,52.524071,13.332078,1,3,4
1677,52.519654,13.331944,0,4,4
1678,52.520546,13.332961,0,4,4
1679,52.524067,13.339507,1,3,4
1680,52.521134,13.338309,0,4,4
1681,52.515548,13.333776,1,3,4
1682,52.514658,13.336141,1,3,4
1683,52.516325,13.335659,1,3,4
1684,52.518768,13.339454,0,4,4
1685,52.520747,13.341696,0,4,4
1686,52.522331,13.344934,2,2,4
1687,52.514057,13.331018,0,4,4
1688,52.516417,13.327221,1,3,4
1689,52.512943,13.329967,0,4,4
1690,52.510201,13.330058,8,0,4
1691,52.50658,13.330933,0,4,4
1692,52.50704,13.33023,0,4,4
1693,52.505388,13.331228,3,1,4
1694,52.508568,13.326437,1,3,4
1695,52.509084,13.325418,3,1,4
1696,52.513743,13.317559,1,3,4
1697,52.505734,13.448553,0,4,4
1698,52.505199,13.449733,6,0,4
1699,52.505731,13.449417,0,4,4
1700,52.503899,13.319689,0,4,4
1701,52.52521,13.392436,4,0,4
1702,52.487625,13.477097,0,4,4
1703,52.515124,13.461814,2,2,4
1704,52.532038,13.407987,2,2,4
1705,52.475347,13.364434,0,4,4
1706,52.519116,13.408532,1,3,4
1707,52.518715,13.407172,1,3,4
1708,52.543702,13.426602,1,3,4
1709,52.499785,13.307378,0,4,4
1710,52.48963,13.352616,1,3,4
1711,52.539999,13.3699,0,4,4
1712,52.520804,13.394453,1,3,4
1713,52.520448,13.403932,0,4,4
1714,52.528815,13.385588,0,4,4
1715,52.510693,13.458406,4,0,4
1716,52.511043,13.460709,3,1,4
1717,52.534276,13.404667,0,4,4
1718,52.532968,13.429778,5,0,4
1719,52.542971,13.434732,0,4,4
1720,52.546919,13.431038,0,4,4
1721,52.547604,13.425501,0,4,4
1722,52.550029,13.42621,1,3,4
1723,52.550843,13.424407,0,4,4
1724,52.548896,13.436698,0,4,4
1725,52.549785,13.434452,0,4,4
1726,52.549385,13.441331,1,3,4
1727,52.54714,13.44764,0,4,4
1728,52.543082,13.441526,0,4,4
1729,52.548791,13.4633,2,2,4
1730,52.546255,13.453931,0,4,4
1731,52.548426,13.456398,0,4,4
1732,52.54861,13.466819,3,1,4
1733,52.551818,13.452609,0,4,4
1734,52.552495,13.449249,0,4,4
1735,52.555752,13.438814,0,4,4
1736,52.557937,13.439343,0,4,4
1737,52.557792,13.433308,0,4,4
1738,52.556706,13.429361,2,2,4
1739,52.558709,13.418207,0,4,4
1740,52.560835,13.422713,0,4,4
1741,52.553908,13.445628,0,4,4
1742,52.552471,13.430711,1,3,4
1743,52.55249,13.427793,0,4,4
1744,52.555138,13.418255,0,4,4
1745,52.555614,13.433923,0,4,4
1746,52.549948,13.453944,0,4,4
1747,52.547451,13.459974,3,1,4
1748,52.539437,13.452492,0,4,4
1749,52.541985,13.4535,0,4,4
1750,52.56126,13.412711,0,4,4
1751,52.485841,13.481694,0,4,4
1752,52.565064,13.41389,0,4,4
1753,52.56676,13.416136,0,4,4
1754,52.567771,13.427312,0,4,4
1755,52.560497,13.427754,0,4,4
1756,52.481143,13.448757,2,2,4
1757,52.491473,13.44667,0,4,4
1758,52.491953,13.450881,1,3,4
1759,52.496565,13.4505,0,4,4
1760,52.503057,13.446895,0,4,4
1761,52.49954,13.463053,0,4,4
1762,52.504569,13.448092,1,3,4
1763,52.502688,13.447759,0,4,4
1764,52.500512,13.441013,0,4,4
1765,52.494262,13.460581,0,4,4
1766,52.508003,13.435748,0,4,4
1767,52.502768,13.475459,1,3,4
1768,52.504262,13.479259,2,2,4
1769,52.505266,13.471411,0,4,4
1770,52.503277,13.473414,0,4,4
1771,52.516887,13.383703,3,1,4
1772,52.508379,13.37446,2,2,4
1773,52.504811,13.476715,0,4,4
1774,52.505183,13.475167,0,4,4
1775,52.507928,13.474764,3,1,4
1776,52.541718,13.337369,0,4,4
1777,52.54019,13.346867,2,2,4
1778,52.539172,13.345496,0,4,4
1779,52.544273,13.354746,0,4,4
1780,52.486713,13.451128,1,3,4
1781,52.47405,13.44277,1,3,4
1782,52.501884,13.440302,1,3,4
1783,52.461844,13.440477,0,4,4
1784,52.462991,13.437598,0,4,4
1785,52.465745,13.426795,0,4,4
1786,52.455523,13.429067,0,4,4
1787,52.491538,13.488185,0,4,4
1788,52.504833,13.442314,3,1,4
1789,52.509097,13.432723,0,4,4
1790,52.507079,13.413207,0,4,4
1791,52.502642,13.446289,0,4,4
1792,52.489124,13.453472,1,3,4
1793,52.471058,13.441075,0,4,4
1794,52.472171,13.43923,0,4,4
1795,52.469292,13.4304,0,4,4
1796,52.468197,13.432927,1,3,4
1797,52.471616,13.435298,0,4,4
1798,52.509802,13.351538,0,4,4
1799,52.466267,13.4385,0,4,4
1800,52.465907,13.434235,2,2,4
1801,52.46823,13.441779,1,3,4
1802,52.467807,13.442345,1,3,4
1803,52.465047,13.436931,0,4,4
1804,52.511428,13.445441,1,3,4
1805,52.50981,13.37749,0,4,4
1806,52.51633,13.38131,0,4,4
1807,52.51104,13.38126,1,3,4
